Pedro,5561993145186douglas,5561993145186amanda,5561993145186jorge,5561993145186jeffri,5561993145186carol,5561993145186Pedro,5561993145186douglas,5561993145186amanda,5561993145186jorge,5561993145186jeffri,5561993145186Pedro,5561993145186
Pedro,5561993145186
Pedro,5561993145186
douglas,5561993145186
amanda,5561993145186
Pedro,5561993145186
douglas,5561993145186
amanda,5561993145186
Pedro,5561993145186
douglas,5561993145186
amanda,5561993145186
jorge,5561993145186
Pedro,5561993145186
douglas,5561993145186
amanda,5561993145186
Pedro,5561993145186
douglas,5561993145186
Pedro,5561993145186
Pedro,5561993145186
douglas,5561993145186
amanda,5561993145186
Pedro,5561993145186
douglas,5561993145186
amanda,5561993145186
Pedro,5561993145186
Pedro,5561993145186
douglas,5561993145186
Pedro,5561993145186
Pedro,5561993145186
douglas,5561993145186
amanda,5561993145186
